<?xml version="1.0" encoding="UTF-8" ?>

<entity-mappings xmlns="http://java.sun.com/xml/ns/persistence/orm"
   xmlns:xsi="http://www.w3.org/2001/XMLSchema-instance"
   xsi:schemaLocation="http://java.sun.com/xml/ns/persistence/orm    
   http://java.sun.com/xml/ns/persistence/orm_1_0.xsd"
   version="1.0">
      
   <description> XML Mapping file</description>
      
   <entity class="Assesment">        
      <table name="Trainee_details"/>
      <attributes>
      
         <id name="details_id">
            <generated-value strategy="TABLE"/>
         </id>

         <basic name="trainee_name">
            <column name="EMP_NAME" length="100"/>
         </basic>
         
         <basic name="module_name">
         </basic>
         
         <basic name="Mpt_marks">
         </basic>
         
         <basic name="mtt_marks">
         </basic>
         
         <basic name="assignemnt_marks">
         </basic>
         
         <basic name="total">
         </basic>
         
      </attributes>
   </entity>
   
</entity-mappings>